{"v":"5.5.7","meta":{"g":"LottieFiles AE 0.1.20","a":"","k":"","d":"","tc":""},"fr":60,"ip":0,"op":1200,"w":686,"h":842,"nm":"milky-way-1","ddd":0,"assets":[],"layers":[{"ddd":0,"ind":1,"ty":4,"nm":"dot6 Outlines","sr":1,"ks":{"o":{"a":0,"k":100,"ix":11},"r":{"a":1,"k":[{"i":{"x":[0.833],"y":[0.833]},"o":{"x":[0.167],"y":[0.167]},"t":0,"s":[0]},{"t":1199,"s":[360]}],"ix":10},"p":{"a":0,"k":[340.742,422.966,0],"ix":2},"a":{"a":0,"k":[122.484,248.484,0],"ix":1},"s":{"a":0,"k":[100,100,100],"ix":6}},"ao":0,"shapes":[{"ty":"gr","it":[{"ind":0,"ty":"sh","ix":1,"ks":{"a":0,"k":{"i":[[0,0],[0,0],[0,0],[0,0]],"o":[[0,0],[0,0],[0,0],[0,0]],"v":[[-8.234,-8.234],[8.234,-8.234],[8.234,8.234],[-8.234,8.234]],"c":true},"ix":2},"nm":"Path 1","mn":"ADBE Vector Shape - Group","hd":false},{"ty":"fl","c":{"a":0,"k":[0,0,0,1],"ix":4},"o":{"a":0,"k":100,"ix":5},"r":1,"bm":0,"nm":"Fill 1","mn":"ADBE Vector Graphic - Fill","hd":false},{"ty":"tr","p":{"a":0,"k":[8.484,8.484],"ix":2},"a":{"a":0,"k":[0,0],"ix":1},"s":{"a":0,"k":[100,100],"ix":3},"r":{"a":0,"k":0,"ix":6},"o":{"a":0,"k":100,"ix":7},"sk":{"a":0,"k":0,"ix":4},"sa":{"a":0,"k":0,"ix":5},"nm":"Transform"}],"nm":"Group 1","np":2,"cix":2,"bm":0,"ix":1,"mn":"ADBE Vector Group","hd":false}],"ip":0,"op":1227,"st":0,"bm":0},{"ddd":0,"ind":2,"ty":4,"nm":"dot5 Outlines","sr":1,"ks":{"o":{"a":0,"k":100,"ix":11},"r":{"a":1,"k":[{"i":{"x":[0.833],"y":[0.833]},"o":{"x":[0.167],"y":[0.167]},"t":0,"s":[0]},{"t":1199,"s":[360]}],"ix":10},"p":{"a":0,"k":[341.234,421.581,0],"ix":2},"a":{"a":0,"k":[246.485,49.484,0],"ix":1},"s":{"a":0,"k":[100,100,100],"ix":6}},"ao":0,"shapes":[{"ty":"gr","it":[{"ind":0,"ty":"sh","ix":1,"ks":{"a":0,"k":{"i":[[0,0],[0,0],[0,0],[0,0]],"o":[[0,0],[0,0],[0,0],[0,0]],"v":[[-8.234,-8.234],[8.234,-8.234],[8.234,8.234],[-8.234,8.234]],"c":true},"ix":2},"nm":"Path 1","mn":"ADBE Vector Shape - Group","hd":false},{"ty":"fl","c":{"a":0,"k":[0,0,0,1],"ix":4},"o":{"a":0,"k":100,"ix":5},"r":1,"bm":0,"nm":"Fill 1","mn":"ADBE Vector Graphic - Fill","hd":false},{"ty":"tr","p":{"a":0,"k":[8.485,8.484],"ix":2},"a":{"a":0,"k":[0,0],"ix":1},"s":{"a":0,"k":[100,100],"ix":3},"r":{"a":0,"k":0,"ix":6},"o":{"a":0,"k":100,"ix":7},"sk":{"a":0,"k":0,"ix":4},"sa":{"a":0,"k":0,"ix":5},"nm":"Transform"}],"nm":"Group 1","np":2,"cix":2,"bm":0,"ix":1,"mn":"ADBE Vector Group","hd":false}],"ip":0,"op":1227,"st":0,"bm":0},{"ddd":0,"ind":3,"ty":4,"nm":"dot4 Outlines","sr":1,"ks":{"o":{"a":0,"k":100,"ix":11},"r":{"a":1,"k":[{"i":{"x":[0.833],"y":[0.833]},"o":{"x":[0.167],"y":[0.167]},"t":0,"s":[0]},{"t":1199,"s":[360]}],"ix":10},"p":{"a":0,"k":[342.275,421.538,0],"ix":2},"a":{"a":0,"k":[140.482,-230.516,0],"ix":1},"s":{"a":0,"k":[100,100,100],"ix":6}},"ao":0,"shapes":[{"ty":"gr","it":[{"ind":0,"ty":"sh","ix":1,"ks":{"a":0,"k":{"i":[[0,0],[0,0],[0,0],[0,0]],"o":[[0,0],[0,0],[0,0],[0,0]],"v":[[-8.232,-8.234],[8.232,-8.234],[8.232,8.234],[-8.232,8.234]],"c":true},"ix":2},"nm":"Path 1","mn":"ADBE Vector Shape - Group","hd":false},{"ty":"fl","c":{"a":0,"k":[0,0,0,1],"ix":4},"o":{"a":0,"k":100,"ix":5},"r":1,"bm":0,"nm":"Fill 1","mn":"ADBE Vector Graphic - Fill","hd":false},{"ty":"tr","p":{"a":0,"k":[8.482,8.484],"ix":2},"a":{"a":0,"k":[0,0],"ix":1},"s":{"a":0,"k":[100,100],"ix":3},"r":{"a":0,"k":0,"ix":6},"o":{"a":0,"k":100,"ix":7},"sk":{"a":0,"k":0,"ix":4},"sa":{"a":0,"k":0,"ix":5},"nm":"Transform"}],"nm":"Group 1","np":2,"cix":2,"bm":0,"ix":1,"mn":"ADBE Vector Group","hd":false}],"ip":0,"op":1227,"st":0,"bm":0},{"ddd":0,"ind":4,"ty":4,"nm":"dot3 Outlines","sr":1,"ks":{"o":{"a":0,"k":100,"ix":11},"r":{"a":1,"k":[{"i":{"x":[0.833],"y":[0.833]},"o":{"x":[0.167],"y":[0.167]},"t":0,"s":[0]},{"t":1199,"s":[360]}],"ix":10},"p":{"a":0,"k":[340.805,421.559,0],"ix":2},"a":{"a":0,"k":[-231.516,-90.517,0],"ix":1},"s":{"a":0,"k":[100,100,100],"ix":6}},"ao":0,"shapes":[{"ty":"gr","it":[{"ind":0,"ty":"sh","ix":1,"ks":{"a":0,"k":{"i":[[0,0],[0,0],[0,0],[0,0]],"o":[[0,0],[0,0],[0,0],[0,0]],"v":[[-8.234,-8.233],[8.234,-8.233],[8.234,8.233],[-8.234,8.233]],"c":true},"ix":2},"nm":"Path 1","mn":"ADBE Vector Shape - Group","hd":false},{"ty":"fl","c":{"a":0,"k":[0,0,0,1],"ix":4},"o":{"a":0,"k":100,"ix":5},"r":1,"bm":0,"nm":"Fill 1","mn":"ADBE Vector Graphic - Fill","hd":false},{"ty":"tr","p":{"a":0,"k":[8.484,8.483],"ix":2},"a":{"a":0,"k":[0,0],"ix":1},"s":{"a":0,"k":[100,100],"ix":3},"r":{"a":0,"k":0,"ix":6},"o":{"a":0,"k":100,"ix":7},"sk":{"a":0,"k":0,"ix":4},"sa":{"a":0,"k":0,"ix":5},"nm":"Transform"}],"nm":"Group 1","np":2,"cix":2,"bm":0,"ix":1,"mn":"ADBE Vector Group","hd":false}],"ip":0,"op":1227,"st":0,"bm":0},{"ddd":0,"ind":5,"ty":4,"nm":"dot2 Outlines","sr":1,"ks":{"o":{"a":0,"k":100,"ix":11},"r":{"a":1,"k":[{"i":{"x":[0.833],"y":[0.833]},"o":{"x":[0.167],"y":[0.167]},"t":0,"s":[0]},{"t":1199,"s":[360]}],"ix":10},"p":{"a":0,"k":[341.997,420.435,0],"ix":2},"a":{"a":0,"k":[-131.515,229.484,0],"ix":1},"s":{"a":0,"k":[100,100,100],"ix":6}},"ao":0,"shapes":[{"ty":"gr","it":[{"ind":0,"ty":"sh","ix":1,"ks":{"a":0,"k":{"i":[[0,0],[0,0],[0,0],[0,0]],"o":[[0,0],[0,0],[0,0],[0,0]],"v":[[-8.235,-8.234],[8.235,-8.234],[8.235,8.234],[-8.235,8.234]],"c":true},"ix":2},"nm":"Path 1","mn":"ADBE Vector Shape - Group","hd":false},{"ty":"fl","c":{"a":0,"k":[0,0,0,1],"ix":4},"o":{"a":0,"k":100,"ix":5},"r":1,"bm":0,"nm":"Fill 1","mn":"ADBE Vector Graphic - Fill","hd":false},{"ty":"tr","p":{"a":0,"k":[8.485,8.484],"ix":2},"a":{"a":0,"k":[0,0],"ix":1},"s":{"a":0,"k":[100,100],"ix":3},"r":{"a":0,"k":0,"ix":6},"o":{"a":0,"k":100,"ix":7},"sk":{"a":0,"k":0,"ix":4},"sa":{"a":0,"k":0,"ix":5},"nm":"Transform"}],"nm":"Group 1","np":2,"cix":2,"bm":0,"ix":1,"mn":"ADBE Vector Group","hd":false}],"ip":0,"op":1227,"st":0,"bm":0},{"ddd":0,"ind":6,"ty":4,"nm":"plus2 Outlines","sr":1,"ks":{"o":{"a":0,"k":100,"ix":11},"r":{"a":1,"k":[{"i":{"x":[0.833],"y":[0.833]},"o":{"x":[0.167],"y":[0.167]},"t":0,"s":[0]},{"t":1199,"s":[360]}],"ix":10},"p":{"a":0,"k":[341.635,422.068,0],"ix":2},"a":{"a":0,"k":[-173.049,-197.047,0],"ix":1},"s":{"a":0,"k":[100,100,100],"ix":6}},"ao":0,"shapes":[{"ty":"gr","it":[{"ind":0,"ty":"sh","ix":1,"ks":{"a":0,"k":{"i":[[0,0],[0,0],[0,0],[0,0],[0,0],[0,0],[0,0],[0,0],[0,0],[0,0],[0,0],[0,0]],"o":[[0,0],[0,0],[0,0],[0,0],[0,0],[0,0],[0,0],[0,0],[0,0],[0,0],[0,0],[0,0]],"v":[[8.233,24.703],[8.233,8.235],[24.702,8.235],[24.702,-8.234],[8.233,-8.234],[8.233,-24.703],[-8.237,-24.703],[-8.237,-8.234],[-24.702,-8.234],[-24.702,8.235],[-8.237,8.235],[-8.237,24.703]],"c":true},"ix":2},"nm":"Path 1","mn":"ADBE Vector Shape - Group","hd":false},{"ty":"fl","c":{"a":0,"k":[0,0,0,1],"ix":4},"o":{"a":0,"k":100,"ix":5},"r":1,"bm":0,"nm":"Fill 1","mn":"ADBE Vector Graphic - Fill","hd":false},{"ty":"tr","p":{"a":0,"k":[24.951,24.953],"ix":2},"a":{"a":0,"k":[0,0],"ix":1},"s":{"a":0,"k":[100,100],"ix":3},"r":{"a":0,"k":0,"ix":6},"o":{"a":0,"k":100,"ix":7},"sk":{"a":0,"k":0,"ix":4},"sa":{"a":0,"k":0,"ix":5},"nm":"Transform"}],"nm":"Group 1","np":2,"cix":2,"bm":0,"ix":1,"mn":"ADBE Vector Group","hd":false}],"ip":0,"op":1227,"st":0,"bm":0},{"ddd":0,"ind":7,"ty":4,"nm":"dot1 Outlines","sr":1,"ks":{"o":{"a":0,"k":100,"ix":11},"r":{"a":1,"k":[{"i":{"x":[0.833],"y":[0.833]},"o":{"x":[0.167],"y":[0.167]},"t":0,"s":[0]},{"t":1199,"s":[360]}],"ix":10},"p":{"a":0,"k":[341.204,420.943,0],"ix":2},"a":{"a":0,"k":[229.984,106.484,0],"ix":1},"s":{"a":0,"k":[100,100,100],"ix":6}},"ao":0,"shapes":[{"ty":"gr","it":[{"ind":0,"ty":"sh","ix":1,"ks":{"a":0,"k":{"i":[[0,0],[0,0],[0,0],[0,0]],"o":[[0,0],[0,0],[0,0],[0,0]],"v":[[-8.234,-8.234],[8.234,-8.234],[8.234,8.234],[-8.234,8.234]],"c":true},"ix":2},"nm":"Path 1","mn":"ADBE Vector Shape - Group","hd":false},{"ty":"fl","c":{"a":0,"k":[0,0,0,1],"ix":4},"o":{"a":0,"k":100,"ix":5},"r":1,"bm":0,"nm":"Fill 1","mn":"ADBE Vector Graphic - Fill","hd":false},{"ty":"tr","p":{"a":0,"k":[8.484,8.484],"ix":2},"a":{"a":0,"k":[0,0],"ix":1},"s":{"a":0,"k":[100,100],"ix":3},"r":{"a":0,"k":0,"ix":6},"o":{"a":0,"k":100,"ix":7},"sk":{"a":0,"k":0,"ix":4},"sa":{"a":0,"k":0,"ix":5},"nm":"Transform"}],"nm":"Group 1","np":2,"cix":2,"bm":0,"ix":1,"mn":"ADBE Vector Group","hd":false}],"ip":0,"op":1227,"st":0,"bm":0},{"ddd":0,"ind":8,"ty":4,"nm":"plus1 Outlines","sr":1,"ks":{"o":{"a":0,"k":100,"ix":11},"r":{"a":1,"k":[{"i":{"x":[0.833],"y":[0.833]},"o":{"x":[0.167],"y":[0.167]},"t":0,"s":[0]},{"t":1199,"s":[360]}],"ix":10},"p":{"a":0,"k":[341.451,422.184,0],"ix":2},"a":{"a":0,"k":[246.701,247.701,0],"ix":1},"s":{"a":0,"k":[100,100,100],"ix":6}},"ao":0,"shapes":[{"ty":"gr","it":[{"ind":0,"ty":"sh","ix":1,"ks":{"a":0,"k":{"i":[[0,0],[0,0],[0,0],[0,0],[0,0],[0,0],[0,0],[0,0],[0,0],[0,0],[0,0],[0,0]],"o":[[0,0],[0,0],[0,0],[0,0],[0,0],[0,0],[0,0],[0,0],[0,0],[0,0],[0,0],[0,0]],"v":[[-8.232,24.701],[8.237,24.701],[8.237,8.237],[24.701,8.237],[24.701,-8.232],[8.237,-8.232],[8.237,-24.701],[-8.232,-24.701],[-8.232,-8.232],[-24.701,-8.232],[-24.701,8.237],[-8.232,8.237]],"c":true},"ix":2},"nm":"Path 1","mn":"ADBE Vector Shape - Group","hd":false},{"ty":"fl","c":{"a":0,"k":[0,0,0,1],"ix":4},"o":{"a":0,"k":100,"ix":5},"r":1,"bm":0,"nm":"Fill 1","mn":"ADBE Vector Graphic - Fill","hd":false},{"ty":"tr","p":{"a":0,"k":[24.951,24.952],"ix":2},"a":{"a":0,"k":[0,0],"ix":1},"s":{"a":0,"k":[100,100],"ix":3},"r":{"a":0,"k":0,"ix":6},"o":{"a":0,"k":100,"ix":7},"sk":{"a":0,"k":0,"ix":4},"sa":{"a":0,"k":0,"ix":5},"nm":"Transform"}],"nm":"Group 1","np":2,"cix":2,"bm":0,"ix":1,"mn":"ADBE Vector Group","hd":false}],"ip":0,"op":1227,"st":0,"bm":0},{"ddd":0,"ind":9,"ty":4,"nm":"base line Outlines","sr":1,"ks":{"o":{"a":0,"k":100,"ix":11},"r":{"a":1,"k":[{"i":{"x":[0.833],"y":[0.833]},"o":{"x":[0.167],"y":[0.167]},"t":0,"s":[0]},{"t":1199,"s":[720]}],"ix":10},"p":{"a":0,"k":[342.017,420.508,0],"ix":2},"a":{"a":0,"k":[276.466,246.025,0],"ix":1},"s":{"a":0,"k":[100,100,100],"ix":6}},"ao":0,"shapes":[{"ty":"gr","it":[{"ind":0,"ty":"sh","ix":1,"ks":{"a":0,"k":{"i":[[-5.063,4.903],[-7.797,0.254],[-3.5,-3.375],[0.722,-5.559],[5.074,-4.9],[8.121,8.144],[-0.727,5.56]],"o":[[5.394,-5.64],[4.867,-0.133],[3.856,4.078],[-0.782,7.007],[-10.406,10.398],[-3.851,-4.074],[0.773,-7.007]],"v":[[-15.186,-14.764],[5.4,-23.95],[18.474,-18.88],[23.416,-3.653],[14.357,14.765],[-19.288,18.882],[-24.225,3.658]],"c":true},"ix":2},"nm":"Path 1","mn":"ADBE Vector Shape - Group","hd":false},{"ind":1,"ty":"sh","ix":2,"ks":{"a":0,"k":{"i":[[0,0],[-64.43,0],[-28.972,-28.836],[69.047,-70.811],[28.211,-1.383],[11.18,11.068],[-5.594,11.328],[-0.594,-0.593],[-9.211,0.164],[-2.339,0.447],[-19.16,19.649],[33.504,34.352],[34.535,-0.984],[42.832,-43.926],[-76.066,-78],[0,0],[0,0],[0,0],[-93.102,95.516],[-47.781,0],[-21.34,-21.219],[36.997,-37.925],[10.977,-1.926],[-0.188,0.186],[-1.129,10.842],[0.187,2.152],[15.57,16.031],[20.172,-0.558],[22.148,-24.067],[-57.828,-59.301],[-45.304,1.316],[-56.594,58.043],[0,0],[0,0],[0,0],[64.438,0],[28.977,28.836],[-69.051,70.809],[-28.211,1.383],[-11.172,-11.082],[5.641,-11.348],[0.609,0.609],[11.407,-2.355],[19.191,-19.68],[-33.504,-34.352],[-34.535,0.989],[-42.832,43.931],[76.062,78],[0,0],[0,0],[0,0],[93.101,-95.473],[47.782,0],[21.34,21.219],[-36.996,37.926],[-10.957,1.926],[0.18,-0.183],[1.129,-10.844],[-0.207,-2.23],[-15.57,-15.932],[-20.172,0.558],[-22.148,24.067],[57.828,59.301],[45.305,-1.309],[56.582,-58.039],[0,0],[0,0]],"o":[[53.52,-54.899],[40.856,-1.278],[51.637,52.949],[-19.164,20.75],[-15.727,0.519],[-7.797,-9.94],[0.543,0.625],[6.586,6.45],[2.383,-0.043],[19.219,9.423],[43.176,-44.273],[-24.418,-24.437],[-52.196,0],[-99.301,101.805],[0,0],[0,0],[0,0],[-69.883,-71.629],[39.753,-40.773],[30.082,-0.95],[27.313,27.996],[-7.656,8.086],[0.192,-0.18],[7.797,-7.617],[0.157,-2.149],[15.558,-23.145],[-14.254,-14.293],[-32.691,1.231],[-75.242,77.143],[32.047,32.047],[68.852,0],[0,0],[0,0],[0,0],[-53.52,54.879],[-40.855,1.266],[-51.633,-52.954],[19.16,-20.75],[15.727,-0.512],[7.871,9.929],[-0.551,-0.652],[-8.43,-8.032],[-19.219,-9.504],[-43.18,44.274],[24.422,24.441],[52.196,0],[99.293,-101.78],[0,0],[0,0],[0,0],[69.883,71.636],[-39.75,40.774],[-30.078,0.949],[-27.313,-27.992],[7.656,-8.074],[-0.18,0.172],[-7.797,7.617],[-0.164,2.242],[-15.152,22.703],[14.254,14.297],[32.691,-1.227],[75.243,-77.144],[-32.054,-32.039],[-68.844,0],[0,0],[0,0],[0,0]],"v":[[-176.249,-135.856],[9.353,-222.231],[118.763,-179.053],[87.181,45.404],[13.279,79.937],[-28.87,63.404],[-32.483,28.601],[-30.944,30.533],[-6.245,40.351],[0.837,39.615],[65.888,22.982],[83.431,-119.603],[-8.928,-156.337],[-158.448,-87.221],[-200.573,238.877],[-195.053,244.532],[-183.264,233.007],[-188.78,227.351],[-146.67,-75.751],[-8.936,-139.899],[71.634,-108.134],[54.087,11.447],[25.392,26.87],[25.986,26.386],[39.802,-2.188],[39.748,-8.653],[39.822,-74.911],[-14.12,-96.428],[-99.803,-56.903],[-131.389,190.554],[-10.202,238.705],[187.193,147.373],[194.462,139.921],[182.669,128.394],[175.408,135.847],[-10.202,222.205],[-119.608,179.025],[-88.022,-45.432],[-14.12,-79.967],[28.029,-63.399],[31.685,-28.536],[30.103,-30.528],[-1.573,-39.587],[-66.717,-23.005],[-84.264,119.58],[8.095,156.314],[157.615,87.197],[199.732,-238.876],[194.216,-244.532],[182.423,-233.021],[187.939,-227.364],[145.83,75.745],[8.095,139.894],[-72.475,108.128],[-54.928,-11.454],[-26.26,-26.864],[-26.827,-26.389],[-40.643,2.182],[-40.585,8.901],[-40.663,74.904],[13.279,96.421],[98.962,56.896],[130.548,-190.556],[9.353,-238.7],[-188.03,-147.372],[-195.303,-139.958],[-183.51,-128.431]],"c":true},"ix":2},"nm":"Path 2","mn":"ADBE Vector Shape - Group","hd":false},{"ty":"mm","mm":1,"nm":"Merge Paths 1","mn":"ADBE Vector Filter - Merge","hd":false},{"ty":"fl","c":{"a":0,"k":[0,0,0,1],"ix":4},"o":{"a":0,"k":100,"ix":5},"r":1,"bm":0,"nm":"Fill 1","mn":"ADBE Vector Graphic - Fill","hd":false},{"ty":"tr","p":{"a":0,"k":[276.889,247.267],"ix":2},"a":{"a":0,"k":[0,0],"ix":1},"s":{"a":0,"k":[100,100],"ix":3},"r":{"a":0,"k":0,"ix":6},"o":{"a":0,"k":100,"ix":7},"sk":{"a":0,"k":0,"ix":4},"sa":{"a":0,"k":0,"ix":5},"nm":"Transform"}],"nm":"Group 1","np":6,"cix":2,"bm":0,"ix":1,"mn":"ADBE Vector Group","hd":false},{"ty":"gr","it":[{"ty":"fl","c":{"a":0,"k":[0.980000035903,0.736999990426,0.372999991623,1],"ix":4},"o":{"a":0,"k":100,"ix":5},"r":1,"bm":0,"nm":"Fill 1","mn":"ADBE Vector Graphic - Fill","hd":false},{"ty":"tr","p":{"a":0,"k":[161.191,8.484],"ix":2},"a":{"a":0,"k":[0,0],"ix":1},"s":{"a":0,"k":[100,100],"ix":3},"r":{"a":0,"k":0,"ix":6},"o":{"a":0,"k":100,"ix":7},"sk":{"a":0,"k":0,"ix":4},"sa":{"a":0,"k":0,"ix":5},"nm":"Transform"}],"nm":"Group 2","np":1,"cix":2,"bm":0,"ix":2,"mn":"ADBE Vector Group","hd":false}],"ip":0,"op":1227,"st":0,"bm":0},{"ddd":0,"ind":10,"ty":4,"nm":"base color Outlines","sr":1,"ks":{"o":{"a":0,"k":100,"ix":11},"r":{"a":1,"k":[{"i":{"x":[0.833],"y":[0.833]},"o":{"x":[0.167],"y":[0.167]},"t":0,"s":[0]},{"t":1199,"s":[720]}],"ix":10},"p":{"a":0,"k":[342.02,421.75,0],"ix":2},"a":{"a":0,"k":[263.933,261.76,0],"ix":1},"s":{"a":0,"k":[100,100,100],"ix":6}},"ao":0,"shapes":[{"ty":"gr","it":[{"ind":0,"ty":"sh","ix":1,"ks":{"a":0,"k":{"i":[[25.121,83.968],[59.246,-60.707],[54.813,56.211],[-40.148,41.16],[-15.957,-9.43],[-7.395,-6.903],[-1.027,-4.496],[-1.45,9.402],[7.641,8.43],[40.141,-41.172],[-54.824,-56.223],[-64.301,16.188],[-30.554,30.805]],"o":[[2.699,67.441],[-72.258,74.106],[-30.464,-31.23],[17.575,-18.023],[9.645,-3.039],[3.218,3.301],[6.367,-7.075],[2.078,-11.188],[-30.468,-31.231],[-72.254,74.106],[41.895,42.965],[39.746,-17.398],[81.594,-81.59]],"v":[[204.578,-181.496],[118.16,23.304],[-111.938,55.691],[-94.391,-75.395],[-36.852,-89.129],[-9.281,-82.879],[-2.797,-70.957],[9.176,-96.203],[0.351,-127.344],[-127.473,-109.352],[-159.051,126.609],[10.164,165.308],[116.562,92.355]],"c":true},"ix":2},"nm":"Path 1","mn":"ADBE Vector Shape - Group","hd":false},{"ty":"fl","c":{"a":0,"k":[0.6745098039215687,0.34509803921568627,0.788235294117647,1],"ix":4},"o":{"a":0,"k":100,"ix":5},"r":1,"bm":0,"nm":"Fill 1","mn":"ADBE Vector Graphic - Fill","hd":false},{"ty":"tr","p":{"a":0,"k":[297.918,319.938],"ix":2},"a":{"a":0,"k":[0,0],"ix":1},"s":{"a":0,"k":[100,100],"ix":3},"r":{"a":0,"k":0,"ix":6},"o":{"a":0,"k":100,"ix":7},"sk":{"a":0,"k":0,"ix":4},"sa":{"a":0,"k":0,"ix":5},"nm":"Transform"}],"nm":"Group 1","np":4,"cix":2,"bm":0,"ix":1,"mn":"ADBE Vector Group","hd":false},{"ty":"gr","it":[{"ind":0,"ty":"sh","ix":1,"ks":{"a":0,"k":{"i":[[41.91,42.964],[-72.253,74.097],[-30.449,-31.234],[2.066,-11.18],[6.364,-7.075],[9.066,-8.535],[6.711,-1.836],[-17.57,18.023],[30.457,31.23],[72.277,-74.062],[-2.691,-67.445],[-20.074,-20.224],[-88.047,38.016]],"o":[[-54.82,-56.219],[40.141,-41.168],[7.633,8.43],[-1.445,9.406],[2.477,12.203],[-4.891,4.949],[15.957,9.43],[40.148,-41.168],[-54.817,-56.215],[-59.23,60.778],[7.969,27.36],[58.286,58.284],[-64.297,16.207]],"v":[[-58.653,145.861],[-27.075,-90.1],[100.75,-108.089],[109.574,-76.975],[97.605,-51.729],[87.008,-18.366],[69.289,-7.999],[126.828,-21.733],[144.375,-152.815],[-85.723,-120.468],[-172.141,84.372],[-129.407,156.881],[110.562,184.544]],"c":true},"ix":2},"nm":"Path 1","mn":"ADBE Vector Shape - Group","hd":false},{"ty":"fl","c":{"a":0,"k":[0.6431372549019608,0.4745098039215686,0.9098039215686274,1],"ix":4},"o":{"a":0,"k":100,"ix":5},"r":1,"bm":0,"nm":"Fill 1","mn":"ADBE Vector Graphic - Fill","hd":false},{"ty":"tr","p":{"a":0,"k":[197.512,300.71],"ix":2},"a":{"a":0,"k":[0,0],"ix":1},"s":{"a":0,"k":[100,100],"ix":3},"r":{"a":0,"k":0,"ix":6},"o":{"a":0,"k":100,"ix":7},"sk":{"a":0,"k":0,"ix":4},"sa":{"a":0,"k":0,"ix":5},"nm":"Transform"}],"nm":"Group 2","np":4,"cix":2,"bm":0,"ix":2,"mn":"ADBE Vector Group","hd":false},{"ty":"gr","it":[{"ind":0,"ty":"sh","ix":1,"ks":{"a":0,"k":{"i":[[-59.226,60.774],[-54.813,-56.211],[40.148,-41.161],[15.957,9.43],[7.395,6.883],[0.804,5.202],[-13.512,-13.861],[-40.141,41.168],[54.82,56.223],[64.301,-16.203],[30.558,-30.801],[-25.121,-83.971]],"o":[[72.262,-74.105],[30.464,31.23],[-17.571,18.023],[-9.641,3.047],[-3.671,-3.773],[-14.539,19.762],[30.464,31.23],[72.254,-74.105],[-41.906,-42.964],[-39.742,17.398],[-81.598,81.598],[-2.691,-67.444]],"v":[[-118.582,-23.326],[111.516,-55.712],[93.969,75.374],[36.43,89.108],[8.863,82.893],[1.981,69.1],[-0.769,127.331],[127.055,109.338],[158.633,-126.623],[-10.578,-165.306],[-116.976,-92.353],[-204.996,181.509]],"c":true},"ix":2},"nm":"Path 1","mn":"ADBE Vector Shape - Group","hd":false},{"ty":"fl","c":{"a":0,"k":[0.6745098039215687,0.34509803921568627,0.788235294117647,1],"ix":4},"o":{"a":0,"k":100,"ix":5},"r":1,"bm":0,"nm":"Fill 1","mn":"ADBE Vector Graphic - Fill","hd":false},{"ty":"tr","p":{"a":0,"k":[230.367,203.572],"ix":2},"a":{"a":0,"k":[0,0],"ix":1},"s":{"a":0,"k":[100,100],"ix":3},"r":{"a":0,"k":0,"ix":6},"o":{"a":0,"k":100,"ix":7},"sk":{"a":0,"k":0,"ix":4},"sa":{"a":0,"k":0,"ix":5},"nm":"Transform"}],"nm":"Group 3","np":4,"cix":2,"bm":0,"ix":3,"mn":"ADBE Vector Group","hd":false},{"ty":"gr","it":[{"ind":0,"ty":"sh","ix":1,"ks":{"a":0,"k":{"i":[[-41.914,-42.964],[72.254,-74.097],[30.45,31.231],[-14.543,19.769],[-8.532,8.109],[-6.711,1.836],[17.571,-18.023],[-30.457,-31.23],[-72.277,74.106],[2.696,67.445],[20.078,20.222],[88.047,-38.016]],"o":[[54.82,56.223],[-40.141,41.168],[-13.511,-13.86],[-1.629,-11.661],[4.89,-4.949],[-15.957,-9.426],[-40.148,41.173],[54.813,56.216],[59.227,-60.773],[-7.968,-27.364],[-58.32,-58.289],[64.301,-16.203]],"v":[[58.652,-145.924],[27.074,90.037],[-100.751,108.03],[-98.001,49.8],[-87.008,18.303],[-69.29,7.936],[-126.829,21.67],[-144.376,152.756],[85.722,120.405],[172.136,-84.431],[129.402,-156.939],[-110.566,-184.607]],"c":true},"ix":2},"nm":"Path 1","mn":"ADBE Vector Shape - Group","hd":false},{"ty":"fl","c":{"a":0,"k":[0.6431372549019608,0.4745098039215686,0.9098039215686274,1],"ix":4},"o":{"a":0,"k":100,"ix":5},"r":1,"bm":0,"nm":"Fill 1","mn":"ADBE Vector Graphic - Fill","hd":false},{"ty":"tr","p":{"a":0,"k":[330.355,222.873],"ix":2},"a":{"a":0,"k":[0,0],"ix":1},"s":{"a":0,"k":[100,100],"ix":3},"r":{"a":0,"k":0,"ix":6},"o":{"a":0,"k":100,"ix":7},"sk":{"a":0,"k":0,"ix":4},"sa":{"a":0,"k":0,"ix":5},"nm":"Transform"}],"nm":"Group 4","np":4,"cix":2,"bm":0,"ix":4,"mn":"ADBE Vector Group","hd":false},{"ty":"gr","it":[{"ind":0,"ty":"sh","ix":1,"ks":{"a":0,"k":{"i":[[2.48,12.211],[3.218,3.301],[9.645,-3.039],[4.89,-4.949],[-1.629,-11.66],[-3.671,-3.773],[-9.641,3.04],[-4.891,4.949]],"o":[[-1.027,-4.496],[-7.395,-6.899],[-6.711,1.836],[-8.532,8.109],[0.808,5.203],[7.395,6.898],[6.711,-1.835],[9.066,-8.539]],"v":[[30.961,-12.779],[24.477,-24.701],[-3.094,-30.951],[-20.812,-20.584],[-31.812,10.912],[-24.93,24.705],[2.637,30.95],[20.356,20.588]],"c":true},"ix":2},"nm":"Path 1","mn":"ADBE Vector Shape - Group","hd":false},{"ty":"fl","c":{"a":0,"k":[0.6745098039215687,0.34509803921568627,0.788235294117647,1],"ix":4},"o":{"a":0,"k":100,"ix":5},"r":1,"bm":0,"nm":"Fill 1","mn":"ADBE Vector Graphic - Fill","hd":false},{"ty":"tr","p":{"a":0,"k":[264.16,261.76],"ix":2},"a":{"a":0,"k":[0,0],"ix":1},"s":{"a":0,"k":[100,100],"ix":3},"r":{"a":0,"k":0,"ix":6},"o":{"a":0,"k":100,"ix":7},"sk":{"a":0,"k":0,"ix":4},"sa":{"a":0,"k":0,"ix":5},"nm":"Transform"}],"nm":"Group 5","np":2,"cix":2,"bm":0,"ix":5,"mn":"ADBE Vector Group","hd":false}],"ip":0,"op":1227,"st":0,"bm":0}],"markers":[]}